,prediction_lr,prediction_rf,prediction_knn,real_result
11433,0,0,0,0
8639,0,0,0,0
14495,0,0,0,0
273,0,0,0,0
13369,0,0,0,0
11179,0,0,0,0
2813,1,1,1,0
10391,0,0,0,0
1957,0,0,0,0
1261,0,1,0,0
16684,0,0,0,0
4894,0,0,0,0
3755,0,0,0,1
11872,0,0,0,0
10189,0,0,0,0
10256,0,0,0,0
15500,0,0,0,0
15327,0,0,0,0
7907,0,0,0,0
1321,0,0,0,0
14091,0,0,0,0
247,0,0,0,0
11075,0,0,1,0
14914,0,1,1,1
12902,0,0,0,0
2485,0,0,0,0
14398,0,0,0,0
2439,0,0,0,0
8030,0,0,0,0
2748,0,0,0,0
14459,0,0,0,0
14781,0,0,0,0
2145,0,0,0,0
11717,0,0,1,0
5996,0,0,0,0
7220,0,0,0,0
1838,0,0,0,0
4445,0,0,1,1
15812,0,0,0,0
9444,0,0,0,0
4125,0,0,0,0
11125,0,0,0,0
5460,0,0,0,1
15673,0,0,0,0
11497,0,0,0,0
8056,0,0,0,1
17689,0,0,0,0
13777,0,0,0,0
15132,0,0,1,0
17477,0,0,0,0
9321,0,0,0,0
16578,0,0,0,0
12422,0,0,0,0
13383,0,0,0,0
10739,0,0,0,0
3528,0,0,0,0
12018,0,0,0,1
18232,0,0,0,0
10259,0,0,0,0
7410,0,0,0,0
8925,0,0,0,0
5449,0,0,0,0
17884,0,0,0,0
1303,0,0,0,1
14147,0,0,0,0
3995,0,0,1,1
10261,0,0,1,0
9930,0,0,0,0
6141,0,0,0,0
6518,0,0,0,0
12525,0,0,1,1
2020,0,0,1,0
5601,0,0,0,0
4073,0,0,0,0
3844,0,0,0,0
13003,0,0,1,1
2879,0,0,0,0
11900,0,0,0,0
326,0,0,0,0
5883,0,0,0,0
17185,0,0,0,0
9188,0,0,0,0
13111,0,0,0,0
5125,0,0,0,0
10657,0,0,0,0
14206,0,0,0,0
6541,0,0,0,0
7656,0,0,0,0
9851,0,0,0,0
7136,0,0,0,0
16677,0,0,0,0
14658,0,0,0,0
14978,0,0,0,1
15725,0,0,0,0
1182,0,0,0,0
15295,0,0,1,1
6501,0,0,0,0
1456,0,0,0,0
7722,0,0,0,0
4115,0,1,1,1
2518,0,0,0,0
11832,0,0,0,0
3213,0,0,0,0
6991,0,0,0,0
4739,0,0,0,0
12483,0,0,1,0
15629,0,0,0,0
10761,0,0,0,0
16270,0,1,0,0
10365,0,0,1,1
16111,0,0,0,0
12727,0,0,0,0
7324,0,0,0,1
1026,0,0,0,0
6930,0,0,0,0
2119,0,0,0,0
16374,0,0,0,0
2086,0,0,0,0
3788,0,0,0,1
4881,1,0,1,1
11255,1,0,0,1
10984,0,0,0,0
290,0,0,0,0
795,0,0,0,0
3615,0,0,0,0
9222,0,0,0,0
6388,0,0,0,0
13512,0,0,0,0
4921,0,0,0,0
3502,0,0,0,0
3474,0,0,0,1
13293,0,0,0,0
9363,0,0,0,0
18331,0,0,1,0
17808,0,0,0,0
8768,0,0,0,0
3289,0,0,0,0
2167,0,0,0,0
2078,0,0,0,1
14000,0,0,0,0
13594,0,0,1,0
1147,0,0,0,0
15556,0,0,0,0
16358,0,0,0,0
1944,0,0,0,0
10892,0,0,0,1
15705,1,1,1,0
14312,0,0,1,1
7110,0,0,0,0
16193,0,0,0,0
1323,0,0,0,0
16204,0,0,0,0
5129,0,0,0,0
16267,0,0,0,0
10026,0,0,0,0
17096,0,0,1,0
251,0,0,0,0
17527,0,0,0,0
2874,0,0,0,0
15946,0,0,0,0
14164,1,0,0,1
12526,0,0,0,0
8842,0,0,0,0
18265,0,0,0,0
1554,0,0,1,0
10132,0,0,1,0
6503,0,0,0,0
13136,0,0,0,0
11770,0,1,1,1
18289,0,0,0,0
6051,1,1,1,0
2516,0,0,0,0
351,0,0,0,0
5562,0,0,1,0
16451,0,0,0,0
7333,0,0,0,0
9883,0,0,1,0
6177,1,0,1,0
15084,0,0,0,0
3942,0,0,0,0
4413,0,0,1,0
4705,1,1,1,0
8331,1,0,0,1
13213,0,0,0,0
13486,0,0,0,0
16745,0,0,0,0
3223,0,0,0,0
1640,0,0,0,0
16707,0,0,0,0
15402,0,0,0,0
1767,0,0,0,0
15226,0,0,0,0
14603,0,0,0,0
10683,0,0,0,0
17623,0,0,1,0
15326,0,0,0,1
322,0,0,1,0
6307,0,0,1,0
1901,0,0,0,0
11212,0,0,0,0
14796,0,0,0,0
12578,0,0,0,0
10174,0,0,0,0
9871,0,0,0,0
13048,0,0,0,0
4165,0,0,0,0
15802,0,0,0,0
15984,0,0,0,0
11081,0,1,1,1
9861,0,0,0,0
12639,0,0,0,0
15172,0,0,0,0
3233,0,0,0,0
7608,0,0,0,0
7425,0,0,0,0
4007,0,0,0,0
7229,0,0,0,1
8439,1,0,1,0
11099,0,0,0,0
460,0,0,0,0
6887,0,0,0,0
1027,1,0,1,1
5474,0,0,0,0
6128,0,0,0,0
14576,0,0,0,0
10001,0,0,0,0
6165,0,0,0,0
651,0,0,0,0
5700,0,0,0,0
18286,0,0,0,0
1034,0,0,0,1
14779,0,0,0,0
635,0,0,0,0
7827,0,0,0,0
13478,0,0,0,0
7803,0,0,0,0
12618,0,0,0,0
1911,0,0,0,0
18130,0,0,0,0
4034,0,0,0,0
11476,0,0,0,0
13202,0,0,0,0
17288,0,0,0,0
11720,0,0,0,0
2043,0,0,0,0
7272,0,0,0,0
11295,0,0,0,0
11773,0,0,1,0
6072,0,0,0,0
13075,0,0,0,0
2252,0,0,1,0
5151,0,0,0,0
424,1,0,0,0
9760,0,0,0,0
7791,0,0,0,0
217,0,0,0,1
16151,0,0,0,0
3000,0,0,0,0
16398,0,0,0,0
12911,0,0,0,0
8355,0,0,0,0
4197,0,0,0,0
14219,1,0,0,0
4915,0,0,0,1
2678,0,0,0,0
3562,0,0,0,0
970,0,0,0,0
17938,0,0,0,0
8554,0,0,0,0
3577,0,0,0,0
8966,0,0,0,1
8250,0,0,0,0
11741,0,1,1,0
7683,0,0,0,0
7107,0,0,0,0
13498,0,0,0,1
856,0,0,0,0
1783,0,0,0,0
17695,0,0,1,0
4903,0,0,0,0
6225,0,0,0,0
16328,0,0,0,1
11197,0,0,0,0
8267,0,0,0,0
6392,0,0,1,1
13592,0,0,0,0
10110,0,0,0,0
10577,0,0,0,0
2146,0,0,0,1
12339,0,0,0,0
10404,0,0,0,0
5082,0,0,0,0
15355,0,0,0,0
6955,0,0,1,0
16960,0,0,0,0
7018,0,0,0,0
13900,0,0,0,0
4909,0,0,0,0
6235,0,0,0,0
8295,0,0,0,0
12462,0,0,0,0
3128,0,0,0,0
11598,0,0,0,0
7278,0,0,0,0
6066,0,0,0,0
927,0,0,0,0
1444,0,0,0,0
2054,0,0,0,0
1730,0,0,0,0
963,0,0,0,0
17961,0,0,0,0
2796,0,0,0,0
2862,1,0,1,0
9936,0,0,0,0
5421,0,0,0,0
4166,0,0,0,0
7859,0,0,0,0
11584,0,0,0,0
11114,0,0,0,0
13712,0,1,0,0
9426,0,1,0,0
13064,0,0,0,1
9742,0,0,0,0
18151,1,1,1,0
17821,0,0,0,0
2928,0,0,1,0
17293,0,0,1,0
2614,0,0,0,0
313,0,0,0,0
2300,0,0,0,0
1453,0,0,1,0
17379,0,0,1,0
6462,0,0,0,0
7316,0,0,0,1
11177,0,0,1,0
11051,0,0,0,0
4983,0,0,0,0
15658,0,0,0,0
5707,0,0,0,0
13118,0,0,0,0
16909,0,0,0,0
3547,0,0,0,0
15864,0,0,0,0
8194,0,0,0,0
7654,0,0,0,0
4393,0,0,0,0
3826,0,0,0,0
11339,0,0,0,0
1397,0,0,0,1
11176,0,0,0,0
2483,0,0,0,0
14401,0,0,0,0
6209,1,1,1,0
3050,0,0,0,0
16553,0,0,0,0
9905,0,0,0,0
6002,0,0,1,0
16311,0,0,0,0
16228,0,0,1,0
1199,0,0,1,0
12340,0,0,1,1
7047,0,0,0,0
3669,0,0,0,0
16162,0,0,0,0
1869,0,0,0,0
10618,0,0,0,0
17671,0,0,0,0
9672,0,0,0,0
4574,0,0,0,0
8506,0,0,1,0
18004,0,0,0,0
7826,0,0,0,1
15642,0,0,0,0
2444,0,0,0,0
17810,0,0,0,0
18144,0,0,0,0
17679,0,0,0,0
12890,0,0,0,0
487,0,0,0,0
4229,0,1,1,0
16948,0,0,0,0
103,1,0,0,0
1747,0,0,0,0
4978,0,0,0,0
18189,0,0,1,0
409,0,0,0,0
2298,0,0,0,0
4755,0,0,0,1
12570,0,0,0,0
16101,0,0,0,1
5174,0,0,0,1
8337,0,0,1,1
6842,0,0,0,0
1862,0,0,0,0
17319,1,0,0,1
11187,0,0,0,0
14926,0,0,1,0
17077,0,0,0,0
10436,0,0,0,0
17189,0,0,0,0
16156,0,0,1,0
13903,0,0,0,0
2177,0,0,1,0
10923,0,0,0,0
13574,0,0,0,0
9132,1,1,1,0
820,0,0,0,0
2002,0,0,0,0
1396,0,0,0,0
17115,0,1,1,0
10520,0,0,0,0
4618,0,0,0,0
16434,0,0,0,0
8352,0,0,0,1
5459,0,0,1,0
12137,0,0,0,1
6193,0,0,0,0
18334,0,0,0,0
18139,0,0,0,0
4527,0,0,0,0
9185,0,0,0,0
6451,0,0,0,1
13037,0,0,0,1
11123,0,0,0,0
6569,0,0,0,0
11194,0,0,0,0
9800,0,0,1,0
1144,0,0,0,0
15307,0,0,0,0
1020,0,0,0,0
18238,0,0,0,0
4693,0,0,0,0
852,1,1,1,0
1084,0,0,0,0
7583,0,0,0,1
5803,0,0,1,0
10532,1,0,0,0
4411,0,0,1,0
1768,0,0,0,0
6692,0,0,0,0
3511,0,0,0,0
2959,0,0,0,1
8715,0,0,0,0
9362,0,0,0,1
18031,0,0,0,0
6601,0,0,0,0
2950,0,0,1,0
16979,0,0,0,0
4246,0,0,0,0
8538,0,0,0,0
7075,1,0,1,1
7386,0,0,0,0
8341,0,0,0,0
12571,0,1,0,0
14107,0,0,0,0
12606,0,0,0,0
16349,0,0,0,0
59,0,0,0,0
12745,0,0,0,0
16776,0,0,0,1
7687,0,0,0,0
200,0,0,0,0
2051,0,0,0,1
4708,0,0,0,1
9841,0,0,0,0
3684,0,0,1,0
6907,0,0,0,0
16788,0,0,0,0
8149,0,0,0,0
8999,0,0,0,0
7254,0,0,0,1
11723,1,0,1,1
3753,0,1,1,1
4896,0,0,1,0
5343,0,0,0,0
3458,0,0,0,0
10876,0,0,0,1
7664,0,0,0,0
15179,0,0,0,0
12291,0,0,0,0
14724,0,0,0,0
17776,1,0,1,0
9545,0,0,0,0
2602,0,0,0,0
1981,0,0,0,0
5853,0,0,0,1
9511,0,0,0,0
10163,0,0,0,0
15400,0,0,0,1
8115,0,0,0,0
6195,0,0,0,1
3222,0,0,0,0
5386,0,0,0,0
8822,0,0,0,0
3649,0,0,0,0
9893,0,0,0,0
12697,0,0,0,0
16065,0,0,1,0
17701,0,0,0,0
6206,0,0,0,0
5545,0,0,0,0
4296,0,0,1,0
2238,0,0,0,0
6497,0,0,0,0
15910,0,0,0,1
6631,0,0,0,0
7576,0,0,0,0
7779,0,0,0,1
7559,0,0,0,0
9415,0,0,0,0
17610,0,0,0,0
9024,0,0,0,1
1599,0,0,0,0
4672,0,0,1,0
10191,0,0,0,0
7668,0,0,0,1
7534,0,0,0,0
12496,0,0,0,0
4345,0,0,0,0
3181,0,0,0,0
1328,0,0,0,0
16843,0,0,0,0
4954,0,0,0,0
6850,0,0,0,0
2319,0,0,0,0
14332,0,0,0,1
2481,0,0,0,0
17963,0,0,0,1
8064,0,0,0,0
10369,0,0,0,0
286,0,0,0,0
8546,0,0,0,0
9593,0,0,1,0
4731,0,0,0,0
708,0,0,0,1
6699,0,0,0,0
11200,0,0,0,0
11034,0,0,0,0
4110,0,1,1,1
16813,0,0,0,0
8670,0,0,0,1
15568,0,0,0,0
4812,0,0,0,0
5787,0,1,1,0
14041,0,0,0,0
14913,0,0,0,0
15588,0,0,0,0
6427,0,0,1,0
119,0,0,1,0
2948,0,0,0,0
9193,0,0,0,0
3706,0,0,0,0
13977,0,0,1,0
5659,0,0,0,0
16992,0,0,0,0
16464,0,0,0,0
13558,0,0,0,0
9187,0,0,0,0
13028,0,0,0,0
4058,0,0,0,0
2008,0,0,0,0
2095,0,0,0,0
17871,0,0,0,0
1023,0,0,0,0
11878,0,0,0,0
3248,0,0,0,0
4614,0,0,0,0
1347,0,0,0,0
10063,0,0,0,0
10351,0,0,0,1
2312,0,0,0,0
3425,0,0,0,0
6466,0,0,0,0
8268,0,0,0,0
15475,1,1,1,1
14969,0,0,0,1
18226,0,0,0,0
5846,0,0,0,0
3234,0,0,0,0
9843,0,0,0,0
7070,0,0,0,0
14647,0,0,0,1
12319,0,0,0,0
8665,0,0,0,0
4948,0,0,0,0
705,0,0,0,0
13511,0,0,0,0
11117,0,0,0,0
6977,0,0,0,0
6536,0,0,1,0
15342,0,0,0,1
17373,0,0,0,0
621,0,0,0,0
563,0,0,0,0
8138,0,0,0,0
8647,0,0,0,0
11427,0,0,0,0
12581,0,0,0,0
3894,0,0,0,0
8904,0,0,0,0
16859,0,0,0,0
15498,0,0,1,0
2450,0,0,0,0
16673,0,0,1,0
7074,0,0,0,0
9563,0,0,0,0
101,0,0,0,0
1427,0,0,0,0
5270,0,0,0,0
10041,1,1,1,0
14517,0,0,1,0
3434,0,0,0,1
5259,0,0,0,0
17442,0,0,0,0
2856,0,0,0,0
10887,0,0,0,0
11987,0,0,0,1
17383,0,0,0,0
7899,0,0,1,0
5587,0,0,0,1
4475,0,0,0,0
4400,0,0,0,0
12627,0,0,0,0
7305,0,0,0,0
2522,0,0,0,0
15873,0,0,0,0
6808,0,0,0,0
1905,0,0,0,0
11223,0,0,0,0
16159,0,0,0,0
10628,0,0,1,1
12825,0,0,0,0
7762,0,0,0,0
10650,0,0,0,0
14999,0,0,0,0
2388,0,1,1,0
12805,0,0,0,1
2334,0,0,0,0
3769,0,0,0,0
476,0,0,0,0
7628,0,0,0,0
11038,0,0,0,0
11105,0,0,0,0
10220,0,0,0,0
6421,0,0,0,0
7567,0,0,0,0
14968,0,0,0,1
15311,0,0,0,1
12007,0,0,0,0
7615,0,0,0,0
4985,0,0,0,0
10742,0,0,0,0
1712,0,0,0,0
11679,0,0,0,0
123,0,0,0,0
3111,0,0,0,0
17356,0,0,0,0
12078,0,0,0,0
6147,0,0,0,0
3938,0,0,0,0
15412,0,0,0,0
3366,0,0,0,0
7293,1,1,0,0
7924,0,0,1,0
7252,0,1,1,0
2039,0,0,0,0
7873,0,0,0,0
10137,0,0,0,0
7317,0,0,0,0
7834,0,0,0,0
17842,0,0,0,0
7003,0,0,0,1
7855,0,0,0,0
4469,0,0,0,0
13268,0,0,1,0
14945,0,0,0,0
11616,0,0,0,1
736,0,0,0,0
3481,0,0,0,0
12216,0,0,0,0
14420,0,0,0,0
17930,0,0,0,0
7048,0,0,0,0
8196,0,0,0,0
9527,0,0,0,0
6201,0,0,0,0
11833,0,0,0,0
10995,0,0,0,0
2315,0,0,0,0
9364,0,0,0,0
4788,0,0,0,0
13580,0,0,0,0
7261,0,0,0,0
16563,0,0,1,1
4148,0,0,0,0
6267,0,0,0,0
9894,0,0,0,0
2701,0,0,1,0
18285,0,0,0,0
10241,0,0,0,0
9478,0,0,0,0
12965,0,0,0,0
4286,0,0,0,0
12213,0,0,0,0
9675,0,0,0,0
13542,0,0,0,0
15575,0,0,0,0
7275,0,0,0,0
9977,0,0,0,0
12030,0,0,0,1
2656,0,0,0,0
7723,0,0,0,0
10902,0,0,0,0
11979,0,0,1,0
361,0,0,1,0
8227,0,0,0,1
7073,0,0,1,0
14903,0,0,0,0
1290,0,0,0,0
18035,0,0,0,0
2405,0,0,0,0
11973,0,0,0,1
4450,0,0,0,0
15411,0,0,0,0
7638,0,0,1,0
2571,0,0,0,0
5195,0,0,0,0
2585,0,0,0,0
9029,0,0,0,0
7708,0,0,0,0
12224,0,0,0,1
8489,0,0,0,0
11231,0,0,0,0
16831,0,0,0,0
9849,0,0,0,0
7698,0,0,0,0
13375,0,0,0,0
7627,0,0,0,0
17914,0,0,0,0
2325,0,0,0,0
6087,0,0,0,0
7182,0,0,1,0
14832,0,0,0,0
11648,1,0,1,0
12456,0,0,0,1
10866,0,0,0,1
8765,0,0,1,0
8361,0,0,0,0
4410,0,0,0,0
379,0,0,0,0
2812,0,0,0,1
9332,0,1,1,1
14455,0,0,0,0
8358,0,0,1,1
15733,0,0,0,0
17108,0,0,0,0
16657,0,0,0,0
8366,0,0,0,0
12277,0,0,0,1
10670,0,0,0,1
12720,0,0,0,0
4342,0,0,0,0
14038,0,0,0,0
16084,0,0,0,0
6024,0,0,0,1
10504,0,0,0,0
13685,0,0,0,0
11886,0,0,0,0
828,0,0,0,0
327,0,0,0,0
3468,0,0,0,0
7974,0,1,1,1
6903,0,0,0,0
14499,0,0,0,1
11225,0,0,0,0
13038,0,0,1,0
16327,0,0,1,0
17402,0,0,0,0
10419,0,0,0,0
2993,0,0,0,0
8935,0,0,0,0
127,0,0,1,0
3268,0,0,0,0
5358,0,0,1,0
7458,0,0,0,1
3733,0,0,0,0
10986,0,0,0,0
18224,0,0,0,1
1114,0,0,0,0
7502,0,0,0,0
10471,0,0,0,0
17642,0,0,0,0
1705,0,0,0,0
12371,0,0,0,0
9459,0,0,0,1
5766,0,0,0,0
450,0,0,0,0
4446,0,0,0,0
3102,0,0,0,0
10162,0,0,0,0
2715,0,1,0,1
10510,0,0,0,0
980,0,0,0,0
88,0,0,0,0
16367,0,0,0,0
12273,0,0,0,0
14035,0,0,0,0
15244,0,0,0,0
13882,0,0,0,0
12959,0,0,0,0
14092,0,0,0,0
10140,0,0,0,0
13889,0,0,0,0
15086,0,0,0,0
2697,0,0,0,0
15122,0,0,0,0
3058,0,0,0,0
6208,0,0,0,0
6550,0,0,0,0
13157,0,0,0,0
13282,0,0,0,0
4930,0,0,0,0
4743,0,0,0,0
6390,1,1,1,1
10663,0,0,0,0
13484,0,0,0,0
10159,0,0,0,0
4447,0,0,1,0
3498,0,0,0,0
17049,0,0,0,0
7417,0,0,1,0
9776,0,0,0,0
9289,1,1,0,0
17079,0,0,0,0
733,0,0,0,0
4843,0,0,0,0
9740,0,0,0,0
9047,0,1,1,0
1087,0,0,0,0
16306,0,0,0,0
12559,0,0,0,0
7359,0,0,1,0
6402,0,0,0,0
1086,0,0,0,0
15882,0,0,0,0
13345,0,0,0,0
14694,0,0,0,0
6512,0,0,0,0
13878,0,0,0,0
4639,0,0,0,0
10422,0,0,0,0
17585,1,0,0,0
17684,0,0,0,0
11915,0,0,0,0
3070,0,0,0,0
9531,0,0,0,0
16449,0,0,0,0
9988,0,0,0,0
5090,0,0,0,0
9015,0,0,1,0
3739,0,0,0,1
15230,0,0,0,1
3288,0,0,0,0
17947,0,0,0,0
13208,0,0,0,0
8327,0,0,0,0
15912,0,0,0,0
16262,0,0,0,0
5597,0,0,0,0
17612,0,0,0,0
13499,0,0,0,0
14742,1,0,1,0
14323,0,0,1,0
3852,0,0,0,0
14627,0,0,0,0
6119,0,0,0,0
3971,0,0,0,0
12552,0,0,0,1
6647,0,0,1,0
8097,0,0,0,0
15409,0,0,0,0
14665,1,1,0,0
3721,0,0,0,0
10676,0,0,0,0
7882,0,0,1,0
18208,0,0,0,0
15869,0,0,0,0
16717,0,0,0,1
6162,0,0,0,0
928,0,0,0,1
8807,0,0,0,0
15256,0,0,0,0
17729,0,0,0,0
6210,0,0,0,0
4664,0,0,0,0
15142,0,0,0,0
17979,0,0,0,0
5786,0,0,0,0
12884,0,0,0,0
12973,0,0,0,0
11520,0,0,0,0
6463,0,0,0,0
2605,0,0,0,0
10184,0,0,0,0
169,0,0,1,0
8239,1,1,0,0
13942,1,1,1,0
11841,0,0,0,1
9755,0,0,0,1
15554,0,0,0,1
5657,0,0,0,0
16878,0,0,0,0
4116,0,0,0,0
16728,0,0,0,1
15918,1,1,1,1
4625,0,0,0,0
15134,0,0,0,0
15291,0,0,0,0
1576,0,0,1,0
13352,0,0,0,0
4373,0,0,1,1
9808,0,0,0,0
15591,0,0,0,1
18124,0,0,0,0
5294,0,0,0,0
2973,0,0,0,0
5528,0,0,0,0
2680,0,0,0,0
13135,0,0,0,0
4849,0,0,0,0
15966,0,0,0,0
10192,0,0,0,0
17981,0,0,1,0
1450,0,0,0,0
15166,0,0,1,0
3014,0,0,0,1
2189,0,0,0,0
12165,0,0,0,0
10000,0,0,0,0
2622,0,0,0,0
12523,0,0,0,0
8860,0,0,0,0
17886,0,0,0,0
9810,0,0,0,1
5496,0,0,0,0
15862,0,0,0,0
13956,0,0,1,0
8762,0,0,0,0
2609,0,0,0,0
11210,0,0,0,0
7319,0,0,0,0
6896,0,0,0,0
14136,0,0,0,0
12166,0,0,0,0
7724,0,0,0,0
10522,0,0,0,0
17145,0,0,0,0
7918,0,0,0,0
3486,1,0,0,0
7457,0,0,0,0
18096,0,0,0,0
14179,0,0,0,0
2878,0,0,0,1
15091,0,0,0,0
15001,0,0,0,0
11347,0,0,0,0
9594,0,0,0,0
6067,0,0,0,0
14685,1,0,0,0
15117,0,0,0,0
6252,0,0,0,0
5952,0,0,0,1
13093,0,0,0,0
13967,0,0,0,0
4119,0,0,0,0
2954,0,0,0,0
16935,0,0,0,1
17553,0,0,1,0
7103,0,0,0,0
8561,0,0,0,0
11206,0,0,0,0
8763,0,1,1,0
8065,0,1,0,1
8410,0,0,0,0
18357,0,0,0,0
4634,0,0,0,0
13453,0,1,1,0
14753,0,0,0,1
13996,0,0,0,0
16716,0,0,0,0
6951,0,0,0,0
6311,0,0,0,0
2998,0,0,0,0
15204,0,0,0,0
2021,0,0,0,0
14866,0,0,0,0
15851,0,0,0,1
7176,0,0,0,0
11945,0,0,0,0
8729,0,0,0,0
12094,0,0,0,1
15030,1,1,0,0
4518,0,0,0,0
5357,0,0,0,0
11152,0,0,0,0
3522,0,0,0,1
5665,0,0,0,0
14392,0,0,0,0
14679,0,0,1,0
17253,0,0,0,0
7782,0,0,0,0
3617,0,0,0,0
3479,1,1,0,0
707,0,0,0,0
6405,1,1,1,0
8066,1,0,0,0
16285,0,0,0,0
9209,0,0,0,1
2184,0,0,0,1
8977,0,0,0,0
10638,0,0,1,1
5658,0,0,0,0
11353,0,0,0,0
2549,0,0,0,0
16219,0,0,0,0
4528,0,0,0,1
18102,0,0,0,0
1163,0,1,0,1
13999,0,0,0,0
16792,0,0,0,0
12958,0,0,1,1
5227,0,0,0,0
10425,0,0,0,0
4028,0,0,0,0
1632,0,0,0,0
15137,0,0,0,0
16594,0,0,0,0
13207,0,0,0,0
16919,0,1,1,0
12433,0,0,0,0
16664,0,0,0,0
5849,0,0,0,0
15702,0,0,0,0
10842,0,0,0,0
6933,0,0,0,0
5999,0,0,0,0
5182,0,0,0,0
7250,0,0,0,0
13102,0,0,0,0
16375,0,0,0,0
12114,0,0,0,0
6384,0,0,0,0
1493,0,0,0,0
8744,0,0,0,0
4691,0,0,0,0
3120,0,0,0,0
11974,0,0,0,0
2797,0,0,0,0
13312,0,0,1,0
13764,0,0,0,0
5012,0,0,1,0
15716,0,0,0,1
13457,0,0,0,0
6428,0,0,0,1
11490,0,0,0,1
3776,0,0,0,0
9248,0,0,0,0
9390,0,0,0,0
2909,0,0,0,0
16817,0,0,0,0
291,0,0,0,0
12624,0,0,0,0
14957,0,0,0,1
15145,0,0,0,0
9559,0,0,0,0
18023,0,0,0,0
3635,0,1,1,0
15373,0,0,0,0
960,0,0,0,0
15237,0,0,0,0
17704,0,0,0,0
13709,0,0,0,0
4885,0,0,0,1
13398,0,0,0,0
2085,0,0,0,0
5140,0,0,0,0
14184,0,0,0,0
11059,0,0,0,0
3800,0,0,0,1
5900,0,0,0,0
14505,0,0,0,0
7473,0,0,0,0
7125,0,0,1,0
12490,0,0,0,1
7203,0,0,0,0
4665,0,0,0,0
608,0,0,0,0
12287,0,0,0,0
7861,0,0,1,0
19,0,0,0,0
11432,0,0,0,0
9891,0,0,0,0
13492,0,0,0,0
13801,0,0,0,1
10043,0,0,0,0
2420,0,0,0,0
16648,0,0,0,1
8440,1,1,1,0
9958,0,0,0,0
9618,0,0,0,0
1162,0,0,0,0
16136,0,0,0,0
387,0,0,0,0
16338,0,0,0,0
971,0,1,1,0
4149,0,0,1,0
18148,0,0,0,0
17880,1,1,1,1
8000,0,0,0,1
9617,0,0,0,0
15174,0,0,0,1
6423,0,0,0,1
6434,0,0,0,0
7017,0,0,0,0
10660,0,0,0,0
12621,0,0,1,0
3682,0,1,1,0
13653,0,0,0,1
4754,0,0,0,0
2662,0,0,0,0
1355,0,0,0,0
10547,0,0,0,0
12104,0,0,0,0
8126,0,0,0,0
11503,0,0,0,0
3989,0,0,0,0
7726,0,0,0,0
12157,0,0,0,0
657,0,0,0,0
16939,0,0,0,0
751,0,0,0,0
16452,0,0,0,0
14511,0,0,0,1
9075,0,0,0,0
3073,0,0,0,0
3532,0,0,0,0
11446,0,0,0,0
4467,0,0,0,0
13454,0,0,0,0
11521,0,0,0,1
6335,0,0,0,0
1527,0,0,0,0
8620,0,0,0,0
17249,0,0,0,0
3919,0,0,0,0
15670,0,0,0,0
1510,0,0,0,1
5763,0,0,0,0
1580,0,0,0,0
14331,0,0,0,0
576,0,0,0,0
8724,0,0,0,0
14922,0,0,0,0
17018,0,0,0,0
8657,0,0,0,0
12271,0,0,1,0
17023,0,0,0,0
6062,0,0,0,1
6149,0,0,0,0
5245,0,0,0,0
9004,0,0,0,0
4049,0,0,0,0
13886,0,0,0,0
17552,0,0,0,0
12577,0,0,0,0
4352,0,0,0,0
11946,0,0,0,0
15611,0,0,0,0
12022,0,0,0,0
7150,0,0,0,0
8607,0,0,0,0
10346,0,0,0,0
6561,0,0,0,1
12190,0,0,0,0
8443,0,0,0,0
2435,0,0,0,1
17667,0,0,0,0
12596,0,0,1,0
17518,0,0,0,0
7093,0,0,0,0
17310,0,0,0,0
8637,0,0,0,0
12083,0,0,0,0
16789,0,0,0,1
9770,0,0,0,0
14340,0,0,0,0
4850,0,0,0,0
18066,0,0,0,0
2141,0,0,0,0
744,0,0,0,0
12579,0,0,0,0
12934,0,0,0,0
11675,0,0,0,0
2250,0,0,0,0
17459,0,0,0,0
1346,0,0,0,0
18093,0,0,0,0
13862,0,0,0,0
3352,0,0,0,0
16440,0,0,0,0
729,0,0,0,0
6562,0,0,0,0
12564,0,0,0,0
8404,0,0,0,1
2152,0,0,0,0
12634,0,0,0,0
17688,0,0,0,0
2751,0,0,0,0
16772,0,0,0,0
7139,0,0,0,0
18236,0,0,0,0
4794,0,0,0,1
1624,0,0,0,0
14024,0,0,0,0
17411,0,0,0,0
4993,0,0,0,0
3189,0,0,0,0
3115,0,0,0,1
9254,0,0,0,0
5116,0,0,0,0
3295,0,0,0,0
8426,0,0,0,0
836,0,0,0,0
13755,0,0,0,0
16202,0,0,0,0
13360,0,0,0,1
2360,0,0,1,0
17119,0,0,0,0
4771,1,1,0,0
9416,0,0,1,0
8057,0,0,0,0
9954,0,0,0,1
2958,0,0,0,0
8845,0,0,0,0
8364,0,0,0,0
5689,1,0,1,1
8171,0,0,0,0
13948,0,0,0,1
15991,0,0,0,0
13349,0,0,0,1
5005,0,0,0,0
13309,0,0,0,0
16410,0,0,0,0
12929,0,0,0,0
15574,0,0,0,0
3422,0,0,0,0
14387,0,0,1,0
1570,0,0,0,0
13863,0,0,0,0
17269,0,0,0,0
7101,0,0,0,0
15250,1,0,1,1
16853,0,0,0,0
4560,0,0,0,0
2129,0,0,0,0
17848,0,0,0,0
11910,0,0,1,0
13614,0,0,0,0
16649,0,0,0,0
11056,0,0,0,1
17878,0,0,0,0
5217,0,0,0,1
11625,0,0,0,0
14814,0,0,0,0
9801,0,0,0,1
15207,0,0,1,0
11239,0,1,1,1
3941,0,0,0,1
16626,0,0,0,0
7932,0,0,0,0
8180,0,0,0,1
5346,0,0,0,0
11286,0,0,0,0
8957,0,0,0,0
13138,0,0,0,0
3214,0,0,0,1
5203,0,0,0,0
16602,0,0,0,0
1119,0,0,0,1
4010,0,0,0,0
4874,0,0,0,0
2543,0,0,0,0
3125,0,1,0,1
6619,0,0,0,0
1419,1,0,1,1
3984,0,0,0,0
17212,0,0,0,0
6029,0,0,0,0
7716,0,0,0,0
2626,0,0,0,0
1166,0,0,0,0
12729,0,0,0,1
9816,0,0,0,0
16491,0,0,0,0
13194,0,0,0,1
11256,0,0,0,0
5719,0,0,0,0
16777,0,0,0,0
8743,0,0,0,0
13585,0,0,0,0
8289,0,0,0,0
8993,0,0,0,1
17444,0,0,0,0
11765,0,0,0,0
5020,0,0,0,0
18293,0,0,0,1
4629,0,0,0,0
13543,0,0,0,0
14167,0,0,0,0
15848,0,0,0,0
12428,1,1,1,0
10538,0,0,0,0
9585,0,0,0,1
17922,0,0,0,0
5094,0,0,0,0
9880,0,0,0,0
8031,0,0,0,0
13628,0,0,0,0
13664,0,0,0,0
17959,0,0,0,0
17097,0,0,0,0
12656,0,0,1,0
12270,0,0,1,1
11762,1,1,1,0
13888,0,0,0,0
4315,0,0,1,0
1697,0,0,0,0
7513,0,0,0,0
6544,0,0,0,1
17645,0,0,0,0
17797,0,0,1,0
17058,0,0,0,0
12933,0,0,0,0
5478,0,0,1,0
12103,0,0,0,0
4989,0,0,0,0
18018,0,0,0,1
16221,0,0,0,0
9441,0,0,0,1
8049,0,0,0,0
2267,0,1,0,0
2647,0,0,0,1
1989,0,0,0,0
9912,0,0,0,0
967,0,0,0,0
2807,0,0,0,0
9566,0,0,0,0
4325,0,0,0,0
323,0,0,0,0
7181,0,0,0,0
13346,0,0,0,0
12572,0,0,0,0
3210,0,0,0,0
13084,0,0,1,1
16758,0,0,0,1
2214,0,0,0,0
17035,0,0,0,0
907,0,0,0,0
12439,0,0,0,1
11930,0,0,0,1
13806,0,0,0,0
9854,0,0,0,0
4032,0,0,1,0
16840,0,0,0,0
11061,0,0,0,0
7971,0,0,0,0
7360,0,0,0,0
9910,0,0,0,0
2554,0,0,0,0
12280,0,0,0,0
4832,0,0,0,0
6275,0,0,0,0
5815,0,0,0,0
17478,1,0,0,0
11608,0,0,0,0
3002,0,0,0,0
13396,0,0,1,1
2730,0,0,0,0
14932,0,1,0,1
72,0,0,0,0
13871,0,0,0,1
14250,0,0,0,0
16261,0,0,0,0
12491,0,0,1,1
9872,0,0,0,0
3784,0,0,0,0
13073,0,0,1,0
11488,0,0,0,0
18250,0,0,0,0
14276,0,0,0,0
16249,0,0,1,1
7816,0,0,0,0
13556,0,0,0,0
2608,0,0,0,0
17110,0,0,0,0
5348,1,1,1,0
4438,0,0,0,0
14624,0,0,0,0
10329,0,0,0,0
8359,0,0,0,0
6714,0,0,0,0
18143,0,0,0,0
14100,0,0,0,0
17007,0,0,0,0
11817,0,0,0,1
2270,0,0,0,0
16138,0,0,0,0
11596,0,0,0,0
15929,0,0,0,0
1208,0,0,0,1
1350,0,0,0,1
10548,0,0,0,0
11478,0,0,0,0
11055,0,0,0,0
16929,0,0,0,0
9313,1,0,0,0
4680,0,0,0,0
14728,1,0,0,0
12854,0,0,0,0
14789,0,0,0,0
10246,0,0,0,0
6527,0,0,0,0
17194,0,0,0,0
16299,0,0,1,1
15380,0,0,0,0
16485,0,0,0,1
12575,0,0,0,1
3298,0,0,1,0
4226,0,0,0,1
2140,0,0,0,0
16534,0,0,0,0
6161,0,0,0,1
6756,0,0,0,1
9923,0,0,1,0
17576,0,0,1,0
15331,0,0,0,0
4907,0,0,0,0
12077,0,0,0,0
6367,0,0,0,0
17146,0,0,0,0
17250,0,0,0,1
13495,0,0,0,0
3402,0,0,0,0
16518,0,0,0,0
11215,0,0,0,0
11015,0,0,0,1
8902,0,0,0,0
4847,0,0,0,0
15024,0,0,0,0
17546,0,0,0,0
13957,0,0,0,0
6560,0,0,0,0
12827,0,0,0,0
15978,0,0,0,0
977,0,0,0,0
7613,0,0,0,0
18158,0,0,0,0
5990,0,0,0,0
2519,0,0,0,0
14187,0,0,0,0
16413,0,0,0,0
2266,0,0,0,0
1158,0,0,0,0
12315,0,0,0,0
14714,0,0,0,0
15938,0,0,0,0
9162,0,0,0,0
11868,0,0,0,0
3609,0,0,0,0
18131,0,0,1,0
5764,0,0,0,0
8332,0,0,0,0
17841,0,0,0,0
9980,0,0,0,0
15619,0,0,0,0
15057,0,0,0,0
7700,0,1,1,1
5833,0,0,0,0
1090,0,0,0,0
7794,0,0,0,0
13105,0,0,0,0
1704,0,0,0,0
10420,0,0,0,0
1002,0,0,0,0
11591,0,0,0,0
13329,1,0,0,1
15885,0,0,0,0
17936,0,0,0,0
8913,1,0,0,0
17174,0,0,0,0
11647,0,0,0,0
13126,0,0,0,0
6126,0,0,0,0
7414,0,0,0,1
13205,0,0,0,0
2448,0,0,0,1
15643,0,0,0,0
10129,0,0,0,0
3376,0,0,1,0
13236,0,0,0,0
6228,0,0,0,1
12472,0,0,1,0
12257,0,0,0,0
15104,0,0,0,0
1710,0,0,0,0
586,0,0,0,0
14145,0,0,0,1
16486,0,0,0,0
16604,0,0,0,0
11492,0,0,0,0
15799,0,0,0,0
2498,0,0,0,0
12832,0,0,0,0
3623,0,0,1,0
7796,0,0,0,0
10215,0,0,1,1
12354,0,0,0,0
13650,0,0,0,0
16027,0,0,0,0
10962,0,0,0,0
14061,0,0,0,0
7839,0,0,0,0
6505,0,0,0,0
9389,0,0,0,0
13082,0,0,0,0
6946,0,0,0,0
1315,1,0,0,0
5923,0,0,0,0
3944,0,0,0,0
16877,0,0,0,1
12923,0,0,0,0
9119,0,0,0,0
1952,0,0,0,0
17741,0,0,0,0
9502,0,0,0,0
14791,0,0,0,0
17455,0,0,0,0
17965,0,0,1,0
14368,0,0,0,0
15652,0,0,0,0
6888,0,0,1,0
15823,0,0,0,0
15013,0,0,0,0
10926,0,0,0,0
1398,0,0,0,0
8932,0,0,0,0
14390,0,0,1,0
12675,0,0,0,0
1611,0,0,0,0
9525,0,0,0,0
4949,0,0,0,0
15580,0,0,0,1
18028,0,0,1,0
11891,1,0,1,1
13372,0,0,1,0
5859,0,0,0,0
12907,0,0,0,0
14757,0,0,0,0
5291,0,0,0,0
6061,0,0,0,0
2968,0,0,0,0
6174,0,0,0,0
3429,0,0,0,0
902,0,0,0,0
6098,0,0,0,0
3997,0,0,0,0
181,0,0,0,0
7772,0,0,0,0
3379,0,0,0,0
4193,0,0,0,0
18025,0,0,0,0
15238,0,0,1,0
10392,0,0,0,0
4918,0,0,1,0
18239,0,0,0,0
13204,0,0,0,0
5566,0,0,0,0
17339,0,0,1,0
16126,0,0,1,0
18347,0,0,0,0
14468,0,0,0,0
11322,0,0,0,0
7985,0,0,0,0
9430,0,0,0,0
18049,0,0,0,0
14842,0,0,0,0
50,0,0,0,0
4113,0,0,0,0
10519,0,0,0,0
16645,0,0,0,0
8674,0,0,0,1
3472,0,0,0,0
4454,0,0,0,0
2026,0,0,0,1
410,1,0,0,1
18117,0,0,0,0
18299,0,0,0,0
15408,0,0,0,1
12284,0,0,0,0
3048,0,0,0,0
15895,0,0,0,0
16662,0,0,0,0
5019,0,0,0,1
12507,0,0,0,1
137,0,0,0,0
9629,0,0,0,0
16145,0,0,0,0
14992,0,0,0,0
878,0,0,0,0
10890,0,0,0,0
1097,0,0,0,1
4580,1,0,1,0
16067,0,0,0,1
14413,0,0,0,0
13908,0,0,0,0
483,0,0,0,0
6969,0,0,0,0
9678,0,0,0,0
14477,0,0,0,0
13334,0,0,0,0
5532,0,0,0,0
4391,0,0,0,0
13600,0,0,1,0
13914,0,0,0,0
17445,0,0,0,0
11214,0,0,0,0
11685,0,0,1,0
10331,0,0,0,0
7870,0,0,0,0
5871,1,1,1,1
1035,0,0,0,1
14629,0,0,0,1
11422,0,0,0,0
431,0,0,0,0
485,0,0,0,0
8559,0,0,0,1
1572,0,0,0,0
7391,0,0,0,0
8812,0,0,0,0
12900,0,0,0,1
13313,0,0,0,0
17910,0,0,0,0
10281,0,0,0,1
8922,0,0,1,0
3393,0,0,0,0
15607,0,0,0,0
5888,0,0,0,0
9071,0,0,0,0
10200,0,0,0,0
6418,0,0,0,0
2308,0,0,0,1
13724,0,0,0,1
7014,0,0,0,0
17574,0,0,0,0
14322,0,0,0,0
884,0,0,0,0
3482,0,0,0,0
1039,0,0,0,1
4280,0,0,0,1
7039,0,0,0,0
6399,0,0,0,0
17033,0,0,0,0
13251,0,0,0,0
3011,0,0,0,0
8660,0,0,1,0
10604,0,0,0,0
15488,0,0,0,0
3477,0,0,0,1
2232,0,0,0,0
13321,0,0,0,0
47,0,0,0,0
16769,0,0,0,0
12657,0,0,0,0
10760,0,0,0,0
1429,0,0,0,1
14745,0,0,0,0
1194,0,0,0,0
10493,0,0,0,0
1010,0,0,0,0
15790,0,0,0,0
12187,0,1,1,0
18333,0,0,0,0
14795,0,0,0,0
16005,0,0,0,0
11571,0,0,0,0
5667,0,0,1,0
8261,0,0,0,0
11356,0,0,0,0
5847,0,0,0,0
5468,0,0,0,0
900,0,0,0,1
934,0,0,0,0
17975,0,0,0,0
4436,0,0,0,0
9443,0,0,0,0
9918,0,0,1,0
1557,0,0,0,0
7451,0,0,0,0
4554,0,0,0,1
2641,0,0,0,0
16865,0,0,0,0
6145,0,0,0,1
9921,0,0,0,0
17619,0,0,0,0
16893,0,0,0,0
10413,0,0,0,0
959,0,0,0,0
14648,0,0,0,1
15503,0,0,1,0
15281,0,0,0,0
14808,1,0,0,0
3,0,0,0,0
6443,0,0,0,0
15450,0,0,0,0
12787,0,0,0,0
4388,0,0,0,0
4547,0,0,0,0
2981,0,0,0,0
9299,0,0,0,0
11351,0,0,0,0
10933,0,0,0,0
4461,0,1,1,0
2534,0,1,1,0
10951,0,0,0,0
12447,0,0,0,0
4294,0,0,0,0
8164,0,0,1,0
10591,0,0,0,0
7704,0,0,0,0
2112,1,0,0,1
6478,0,0,1,1
10010,0,0,0,0
14004,0,0,0,0
9682,0,0,1,0
7511,0,0,0,0
4856,1,0,0,0
8899,0,0,0,0
11342,0,0,0,0
10170,0,0,0,0
1470,0,0,0,0
7667,0,0,0,1
17141,0,0,0,0
4638,0,0,0,0
14581,0,0,0,0
18038,0,0,1,0
9213,0,0,0,0
16573,0,0,0,0
7879,0,0,0,0
13342,0,0,0,0
4220,0,0,0,1
14003,0,0,0,0
2403,0,0,0,0
4265,0,0,0,0
7159,0,0,1,0
4105,0,0,0,0
3334,0,0,1,0
7035,0,0,0,0
8892,0,0,0,0
1056,0,0,0,0
13374,0,0,0,0
8810,0,0,0,0
5420,0,0,0,0
346,0,0,0,0
12516,0,0,1,1
2698,0,0,0,0
15791,0,0,0,0
18283,0,0,0,0
17664,0,0,0,0
15952,0,0,0,0
14148,0,0,0,1
18022,0,0,0,1
16975,0,0,0,0
16428,0,0,0,0
2480,0,0,0,0
5758,0,0,0,0
4622,0,0,1,0
17090,0,0,0,0
15519,0,0,0,0
10158,0,0,0,0
7904,0,0,0,0
10769,0,0,0,0
6076,0,0,0,0
10889,0,0,0,0
2066,0,0,0,0
15076,0,0,0,0
16841,0,0,0,0
2281,0,0,0,0
13206,1,1,1,0
102,0,0,0,1
6084,0,0,0,1
14415,0,0,0,0
9325,0,0,0,0
8455,0,0,0,0
7744,0,0,0,0
12756,0,0,0,1
17430,0,0,0,0
13741,0,0,0,0
7004,0,0,0,0
15701,1,0,0,0
13400,0,0,0,0
2279,0,0,0,0
1065,0,0,0,0
11761,0,0,0,0
16391,0,0,0,0
13271,0,0,0,0
15173,0,0,0,0
5252,0,0,0,0
9962,0,0,0,0
4546,0,0,1,0
15494,0,0,0,0
12567,0,0,0,0
8703,0,0,0,0
14970,0,0,0,0
9850,0,0,0,0
34,0,0,0,0
7276,0,0,0,0
13024,0,0,0,0
8709,0,0,0,0
2935,0,0,0,0
15678,0,0,0,0
7836,0,0,0,0
17149,0,0,0,0
937,0,0,0,1
396,0,0,0,0
13018,0,0,0,0
15391,0,0,0,0
1411,0,0,0,0
6315,0,0,1,0
16258,0,0,0,0
13980,0,0,0,1
17365,0,0,0,1
13647,0,0,0,0
14636,0,0,0,0
16675,0,0,0,0
11072,0,0,0,0
13570,0,0,0,0
13853,0,0,0,0
11581,0,0,0,0
13968,0,0,0,0
1210,0,0,0,0
11040,0,0,0,0
12590,0,0,0,0
11364,0,0,0,0
1085,0,0,0,0
7092,0,0,0,0
15994,0,0,0,0
16457,0,0,0,0
16557,0,0,0,0
7387,0,0,0,0
16778,0,0,0,1
17721,0,0,0,0
13670,0,0,0,0
17457,0,0,0,0
8195,0,0,0,0
11324,0,0,0,0
3686,0,0,0,0
5332,0,0,0,0
7757,1,1,1,0
15916,0,0,0,0
18012,0,0,1,0
7273,0,0,0,0
1318,0,0,0,0
1769,0,0,0,0
10376,0,0,0,0
11147,0,0,0,0
8700,0,0,0,0
14793,0,0,0,0
11526,0,0,0,0
8028,0,0,0,0
8576,0,0,0,0
8629,0,0,0,0
10835,0,0,0,0
9541,0,0,0,0
16264,0,0,0,0
9676,0,0,0,0
11716,0,0,1,1
130,0,0,0,0
4448,0,0,0,0
7298,0,0,0,0
8009,0,0,0,0
10388,0,0,0,0
10497,0,0,1,0
11330,0,0,0,0
14365,0,0,0,0
11721,0,0,1,0
5948,0,0,0,0
2814,0,0,0,0
15052,0,0,0,0
7077,0,0,0,0
11079,0,0,0,0
7247,0,0,0,0
10953,0,0,0,0
14794,0,0,0,1
12455,0,0,0,0
5950,0,0,0,0
15738,0,0,0,0
14673,0,0,0,0
3256,0,0,0,0
13962,0,0,0,0
13895,0,0,0,0
5749,0,0,1,0
11778,0,0,0,0
15764,0,0,0,1
2579,0,0,0,0
9394,0,0,1,0
2495,0,0,1,0
15310,0,0,0,0
8395,0,0,0,0
16786,0,0,1,1
13776,0,0,0,0
3047,0,0,0,1
11688,0,0,0,1
8509,0,1,1,1
7585,0,0,0,0
17330,0,0,0,0
11549,0,0,0,0
4836,0,0,1,1
17355,0,0,0,0
6279,0,0,0,0
3707,0,0,0,0
7217,0,0,0,0
9440,0,0,0,0
655,0,0,1,0
2859,0,0,0,0
13009,0,0,0,0
6624,0,0,0,0
10714,0,0,0,1
14116,0,0,0,0
6712,0,1,1,0
8260,0,0,0,0
3550,0,0,0,0
3077,0,0,0,0
15759,0,0,0,0
1175,0,0,0,0
14929,0,0,0,0
3165,0,0,0,0
4730,0,0,0,0
12865,0,0,0,0
5216,0,0,0,0
11800,0,0,0,0
449,0,0,0,0
2458,0,0,0,0
11219,0,0,0,0
10649,0,0,0,0
16966,0,1,0,1
15704,0,0,0,0
13020,0,0,0,1
16634,0,0,0,0
18115,0,0,0,0
17753,0,0,1,1
535,0,0,0,0
12904,0,0,0,1
6134,0,0,0,0
10204,0,0,0,0
12930,0,0,0,0
10945,0,0,0,1
1836,0,0,0,0
12658,0,0,0,0
13611,0,0,0,0
12443,0,0,0,1
5638,0,0,0,0
11877,0,0,0,0
13593,1,0,0,1
7917,0,0,0,0
1983,0,0,0,0
10940,0,0,0,0
1157,0,0,0,0
2255,0,0,1,0
13633,0,0,0,0
16139,0,0,0,0
10092,0,0,0,0
12840,0,0,0,0
6886,0,1,1,1
4972,0,0,0,0
1870,0,0,0,0
16696,0,0,1,0
10979,0,0,0,1
11124,0,0,0,1
3652,0,0,0,0
7200,0,0,0,0
16842,0,0,0,0
10529,1,1,1,1
1688,0,0,0,0
10090,0,0,0,1
5106,0,0,0,0
12764,0,0,0,0
6389,0,0,0,0
196,0,1,1,1
518,0,0,0,0
17636,0,0,0,0
10931,0,0,0,0
17215,0,0,1,0
17056,0,0,1,0
12402,0,0,0,0
6931,0,0,0,0
401,0,0,1,0
3204,0,0,0,0
18310,1,1,0,0
9338,0,0,0,0
18216,0,0,0,0
57,0,0,0,1
5359,0,0,0,0
12560,0,0,0,0
12350,0,0,0,0
13310,0,0,0,0
454,0,0,0,1
15165,0,0,0,0
14995,0,0,0,1
11574,0,0,0,0
7801,0,0,0,0
4309,0,0,0,0
17655,0,0,0,0
3310,0,0,0,0
2393,0,0,0,0
5361,0,0,0,1
2127,0,0,0,0
10069,0,0,0,0
4602,0,0,0,0
12527,1,0,1,1
17851,0,0,1,0
99,0,0,0,0
2781,0,0,0,0
1694,0,0,0,0
12860,0,0,0,0
11804,0,0,0,0
15811,0,0,0,0
11901,0,0,1,0
5572,0,1,1,0
11119,0,0,0,0
14601,0,0,0,1
15818,0,0,0,0
10049,0,0,0,0
1707,0,0,0,0
254,0,0,0,1
9377,0,0,0,0
14942,0,0,0,0
1302,0,0,1,0
13278,0,0,0,0
7784,0,0,0,0
8825,0,0,0,0
2202,0,0,1,0
2830,0,0,1,0
17126,0,0,0,0
11086,0,0,0,1
15778,0,0,0,0
2117,0,0,0,1
13174,0,0,0,0
11607,0,0,0,0
18137,0,0,0,0
11687,0,0,1,0
2009,0,0,0,0
13626,0,0,1,0
4285,0,1,1,0
6133,0,0,0,0
2157,0,0,0,0
5265,1,0,1,0
1037,0,0,0,0
14006,0,0,0,0
10072,0,0,0,0
6793,0,0,0,0
17066,1,0,1,0
5826,0,0,1,1
14530,0,0,0,0
15576,0,0,0,0
15171,0,0,0,1
8730,0,0,0,0
12708,0,0,0,0
17426,0,0,0,1
18085,0,0,0,0
17128,0,0,0,0
13941,0,0,0,0
9315,0,0,0,0
6682,0,0,0,0
2589,0,0,0,0
17748,0,0,0,1
664,0,0,0,0
11525,1,0,0,1
8170,0,0,0,0
16477,0,0,1,0
3986,0,0,0,0
3194,0,0,0,0
2136,0,0,0,0
9982,0,0,0,1
10011,0,0,0,0
9674,0,0,1,0
5458,0,0,0,0
7459,0,0,0,1
7530,0,0,0,0
1984,0,1,1,1
6373,0,0,0,0
18282,0,0,0,0
14157,1,1,1,1
9761,0,0,0,0
4851,0,0,0,0
2408,0,0,0,0
2174,0,0,0,0
11875,0,0,0,0
1280,0,0,0,0
8035,0,0,0,0
3571,0,0,1,1
6036,0,0,0,0
6074,0,0,0,0
8425,0,0,0,0
7828,0,0,0,0
536,0,0,0,0
14772,0,0,1,0
17063,0,0,0,0
259,0,0,0,0
6015,1,1,1,0
17561,0,0,0,0
4344,0,0,1,0
6143,0,0,0,0
4877,0,0,0,0
2003,0,0,0,0
11890,0,0,0,0
640,0,1,0,0
4293,0,0,0,0
13858,0,0,0,0
16668,0,0,0,0
8288,0,0,0,0
11178,0,0,0,0
11315,0,0,0,1
18097,0,0,0,0
5312,0,0,0,0
6532,0,0,0,0
14097,0,0,0,1
17169,0,0,0,0
4824,0,0,0,1
14573,0,0,0,0
3106,0,0,0,0
2323,0,0,0,0
5512,0,0,0,0
3589,0,0,0,0
1866,0,0,0,0
17225,1,0,0,0
5800,0,0,0,0
1121,0,0,0,0
9143,0,0,0,0
13897,0,0,0,0
18034,0,0,1,0
10502,0,0,0,0
11789,0,0,0,0
15181,0,0,0,0
18052,0,0,0,0
7745,0,0,0,0
14317,0,0,0,0
1698,0,0,0,0
14736,0,0,0,0
3245,0,0,0,0
12665,0,0,0,0
3230,0,0,0,0
1042,0,0,0,0
5183,0,0,0,0
16368,0,0,0,1
16131,0,0,0,0
17677,0,0,0,0
10100,0,0,0,0
6835,0,0,0,0
4770,0,0,0,0
17778,0,0,0,0
377,0,0,0,0
357,0,0,0,0
11522,0,0,0,0
16321,0,0,0,0
12492,0,0,0,0
4610,0,0,0,0
8757,1,1,1,1
1441,0,0,0,0
4941,0,0,0,0
2629,0,0,0,0
2247,0,0,0,1
10633,0,0,0,0
7655,0,0,0,0
1713,0,0,0,0
8889,0,0,0,1
8731,0,0,0,1
6529,0,0,0,1
5981,0,0,0,0
15624,0,0,0,0
18110,0,0,0,0
3016,0,0,0,0
15372,0,0,0,1
6504,0,0,0,0
2726,0,0,1,0
15821,0,0,0,0
12761,0,0,0,0
6879,0,0,0,0
10662,0,0,0,0
1256,0,0,0,1
6549,0,0,0,1
15005,0,0,0,0
222,0,0,0,0
14264,0,0,0,0
2540,0,0,1,0
13049,1,1,1,0
7100,0,1,1,0
10399,0,0,0,0
13630,0,0,0,0
2974,0,0,0,0
2937,0,0,1,0
6848,0,0,0,0
1402,0,0,0,0
113,0,0,0,0
12823,0,0,0,0
10733,0,0,0,0
11491,0,0,0,0
10282,0,0,0,0
9792,0,0,0,0
11506,0,0,0,0
4509,0,0,0,0
10080,0,0,0,0
6551,0,0,1,0
9578,0,0,0,0
14146,0,0,0,0
10909,0,0,0,0
5028,0,0,1,0
16953,0,0,0,0
3079,0,0,1,0
16340,0,0,0,0
17687,0,0,0,0
7472,1,0,0,0
2501,0,0,0,0
8776,0,0,0,0
2301,0,0,0,0
8839,0,0,0,0
5118,0,0,0,1
135,0,0,0,0
17556,0,0,0,0
12770,0,0,0,1
7652,0,0,0,0
10830,0,0,0,0
5157,0,0,0,0
13303,0,0,0,0
12431,0,0,0,0
3725,0,0,0,0
12034,0,0,0,0
16004,0,0,0,0
2087,0,0,1,0
8285,0,0,0,0
8618,0,0,0,0
12267,0,0,0,0
2133,0,0,0,1
8928,0,0,0,0
2864,0,0,0,0
17693,0,0,0,0
1890,0,0,0,0
4807,0,0,0,0
6936,0,0,0,0
3948,0,0,1,0
8040,0,0,0,0
15298,0,0,0,0
14640,0,0,0,0
14867,0,0,0,0
2616,0,0,0,0
15031,0,0,0,0
8826,0,0,0,0
16333,0,0,0,0
17756,0,0,1,0
7301,0,0,0,0
2848,0,0,0,0
7351,0,0,0,0
1833,0,0,0,0
11633,0,0,1,0
8983,0,1,0,0
6987,0,0,0,0
1139,1,1,1,1
13470,0,0,0,0
10315,0,0,0,0
12807,0,0,0,0
17739,0,0,0,1
13494,0,0,0,0
4385,0,0,0,0
10732,0,0,0,0
6181,0,0,0,0
10620,0,0,0,0
653,0,0,0,0
7590,0,0,0,0
17513,0,0,0,0
1113,0,0,0,0
7854,0,0,0,1
14952,0,0,0,0
930,0,0,0,0
373,0,0,0,0
2099,0,0,1,0
9226,0,0,0,0
13959,0,0,0,0
12036,0,0,0,0
16605,0,0,0,0
15469,0,0,0,0
10375,0,0,0,0
17156,1,0,1,1
12955,0,0,1,0
5527,0,0,0,0
8233,0,0,1,0
4037,0,0,0,0
5418,0,1,0,0
2132,0,0,0,0
11630,0,0,0,1
6649,0,0,0,1
41,0,0,0,0
9092,0,0,0,0
862,0,0,0,0
13382,0,1,1,1
8608,0,0,0,0
8478,0,0,0,1
9931,0,0,0,1
7858,0,1,1,0
2740,0,0,0,0
6245,0,0,1,0
3105,0,0,0,0
6805,0,0,0,0
11378,0,0,0,0
6138,0,0,0,0
566,0,1,0,0
13265,0,0,0,0
2805,0,0,0,0
9292,0,0,1,0
9538,0,0,0,0
1305,0,0,0,1
4013,0,0,0,0
3668,1,1,1,0
7553,0,0,0,0
7132,0,0,0,0
7453,0,0,0,0
11027,0,0,0,0
7862,0,0,0,0
10429,0,0,0,0
4132,0,0,0,0
54,0,0,0,0
10296,0,0,0,0
17463,0,0,0,0
2826,1,1,0,1
13099,0,0,0,0
6393,0,0,0,0
15403,0,0,0,0
735,0,0,0,0
4489,0,0,0,0
7878,0,0,0,0
3704,0,0,0,0
17686,0,0,0,0
720,0,0,0,0
14769,0,0,0,0
3302,0,0,0,0
426,0,0,0,0
9287,0,0,0,0
2929,0,0,1,0
17345,0,0,1,0
10084,0,0,0,0
6730,0,0,0,0
16693,0,0,0,0
10791,0,0,0,1
2578,0,0,0,0
11820,0,0,0,0
2275,0,0,0,0
8299,0,0,0,0
420,0,0,0,0
284,0,0,0,0
4069,0,0,0,0
13083,0,0,0,0
6097,0,0,0,0
7824,0,0,0,0
8604,0,0,0,0
4101,0,0,0,0
6189,0,0,0,0
8421,0,1,0,0
7921,0,0,0,0
6069,0,0,0,0
12212,0,0,0,1
7541,0,0,0,0
13698,0,1,1,0
6927,0,0,0,0
17995,0,0,0,0
16502,0,0,0,0
6545,0,0,0,1
11513,0,0,0,0
18078,0,0,0,0
13683,0,0,0,0
11658,0,0,0,0
3287,0,0,0,0
10994,0,0,0,0
7109,0,0,0,0
15750,0,0,0,1
682,0,1,1,1
7599,0,0,1,0
6108,0,0,0,0
1720,0,0,0,0
11583,0,0,0,1
2583,0,0,0,0
11729,1,1,1,0
5567,0,0,0,0
221,0,0,0,0
8823,0,0,1,0
15308,0,0,0,1
4484,0,0,0,0
5440,0,0,0,0
13468,0,0,0,1
2425,0,0,0,0
3433,0,0,1,1
15870,0,0,1,0
4202,0,0,0,0
17700,0,0,0,0
14783,0,0,1,0
7153,0,0,0,0
15875,0,0,0,0
1606,0,0,0,0
3335,0,0,0,1
4688,0,0,0,0
15541,0,0,0,0
1276,0,0,0,1
5916,0,0,0,0
4407,0,0,0,0
13983,0,0,0,0
5015,0,0,0,0
13004,0,0,0,0
7975,0,0,0,0
9492,0,0,0,0
3263,0,0,0,0
11305,0,0,0,1
10290,0,0,0,1
6215,0,0,0,0
9887,0,0,0,0
6323,0,0,0,0
13990,0,0,0,0
13320,0,0,0,0
8204,0,0,0,0
12221,0,0,0,0
13335,0,0,0,0
12914,0,0,0,0
15220,0,0,0,0
7636,0,0,0,0
16012,0,0,1,0
4822,1,0,0,1
841,0,0,0,0
11557,0,0,0,0
10393,0,0,0,0
8508,0,0,0,0
16822,0,0,0,1
15612,0,0,0,1
10228,0,0,0,1
5107,0,0,0,0
1602,0,0,1,1
17845,0,1,0,0
6866,0,0,0,0
14614,0,0,0,0
15138,0,0,0,0
6425,1,0,0,0
447,0,0,0,0
11131,0,0,0,0
11620,0,0,0,0
8786,0,0,0,1
15964,0,0,0,0
6660,0,0,0,0
10144,0,0,1,1
2699,0,0,0,1
11793,0,0,1,0
8862,0,0,0,1
15809,0,0,0,0
14821,0,0,0,0
1921,0,0,1,1
10804,0,0,0,1
17378,0,0,0,0
16556,0,0,0,0
14732,0,0,1,0
3848,0,0,0,0
1358,0,0,0,0
14431,0,0,0,0
9670,0,0,0,0
4715,0,0,0,0
16970,0,0,0,1
14764,0,0,0,0
11957,0,0,0,0
5761,0,0,0,0
12429,0,0,0,0
13952,0,0,0,0
14050,0,0,0,0
1320,0,0,0,0
3886,0,0,0,0
11402,0,0,0,0
6321,1,0,0,0
12189,0,0,0,0
9361,0,0,0,1
15530,0,0,0,1
13408,0,0,0,0
13557,0,0,0,0
3860,0,0,0,0
9520,0,0,0,0
9811,0,0,0,0
13950,0,0,0,0
8161,0,0,0,0
18198,0,0,0,0
10781,0,0,0,0
380,0,0,0,1
12899,0,0,0,1
12898,0,0,0,0
6650,0,0,0,0
16836,0,0,0,0
8818,0,0,0,0
7646,0,0,0,0
10115,0,0,0,0
149,0,0,0,0
15362,0,0,0,0
94,0,0,0,0
17127,0,0,0,0
17493,0,0,0,0
4706,0,0,0,0
9304,0,0,0,0
13792,0,0,0,0
8377,0,0,0,1
1496,0,0,0,0
11986,0,0,0,0
0,0,0,0,0
11102,0,0,0,0
9634,0,0,0,0
10322,0,0,0,0
11668,0,0,0,0
10308,0,0,0,0
5405,0,0,0,0
10784,0,0,0,0
6876,0,0,0,0
4880,1,1,1,0
12294,0,0,0,0
16430,0,0,0,0
4061,0,0,0,0
5441,0,0,0,0
4230,0,0,0,0
3411,0,0,0,0
7947,0,0,1,0
16373,0,0,0,0
18061,0,0,0,0
5639,0,0,0,0
3698,0,0,0,0
8072,0,0,0,0
8485,0,0,0,0
9500,0,0,0,0
4525,0,0,0,0
12052,0,0,1,0
4375,0,0,0,0
15756,0,0,0,0
7931,0,0,1,0
1634,0,0,0,0
14186,0,0,1,0
13617,0,0,0,0
2712,0,0,0,1
9199,0,0,0,1
1479,0,0,0,0
5653,0,0,0,0
2150,0,0,0,0
6293,0,0,0,0
1498,0,0,0,0
7988,0,0,1,0
14321,0,0,0,0
17683,0,0,0,0
4745,0,0,0,0
4720,0,0,0,0
15620,0,0,0,0
12384,0,1,0,0
7621,0,0,0,0
9553,0,0,0,0
9734,0,0,0,0
12518,1,0,0,1
16744,0,0,0,0
4990,0,0,0,0
2684,0,0,0,0
17528,0,0,0,0
9704,0,0,0,0
9901,0,1,1,0
8116,0,0,0,0
15653,0,0,0,0
7635,0,0,0,0
10865,1,1,1,1
16051,0,0,0,0
6356,0,0,0,0
8351,0,0,0,0
3658,1,1,0,0
2676,0,0,0,0
7729,0,0,0,0
15668,0,0,1,0
5894,0,0,0,0
11689,0,0,0,0
6757,0,0,0,0
9598,0,0,0,0
316,0,0,0,0
4982,0,0,0,0
11605,0,0,0,0
4977,0,0,0,0
7889,0,0,0,0
17417,0,0,0,0
2677,0,0,0,1
15499,0,0,1,0
15682,0,0,0,0
7648,0,0,0,0
11275,0,0,0,0
14282,0,0,0,0
13250,0,0,0,0
9233,0,0,0,0
17703,0,0,0,0
4935,0,0,0,0
1639,0,0,0,1
3421,0,0,0,0
16238,0,0,0,0
12791,0,0,1,0
16722,0,0,0,0
14305,0,0,0,0
12176,0,0,0,0
18101,0,0,0,0
11822,0,0,0,0
10360,0,0,0,0
5857,0,0,0,0
16483,0,0,1,0
14274,0,0,0,0
2714,0,0,0,0
9276,0,0,1,1
5861,0,0,0,0
10780,0,0,0,0
1965,0,0,0,0
17571,0,0,0,0
12441,0,0,0,0
1584,0,0,0,0
2025,0,0,0,0
5321,0,0,0,0
4901,0,0,0,0
3323,0,0,0,0
1215,0,0,0,0
3107,0,0,0,0
13133,0,0,0,1
11311,0,0,0,0
3394,0,0,0,0
14252,0,0,0,0
5148,0,0,0,0
17824,0,0,0,0
5071,0,0,0,0
1343,0,0,0,0
8871,0,0,0,0
14181,0,0,1,1
8094,0,0,0,0
15002,0,0,0,0
6179,0,0,0,0
8722,0,0,0,0
2930,0,0,0,0
14299,0,0,0,0
9189,0,0,0,0
14141,0,0,0,0
4288,0,0,0,0
7510,0,0,0,0
6829,0,0,1,0
700,0,0,0,0
15094,0,0,0,0
9964,1,1,1,0
8382,0,0,0,1
4991,0,0,0,0
10870,0,0,0,0
13535,0,0,0,0
1314,0,0,0,0
11455,0,0,1,0
764,0,0,1,0
5631,0,0,0,0
8753,0,0,0,0
9899,0,0,0,0
6211,1,0,1,0
10880,0,0,0,0
7471,0,0,0,0
11857,0,0,0,1
38,0,0,0,1
15645,0,0,0,0
7112,0,0,0,0
16913,0,0,0,1
5267,0,0,0,1
950,0,0,0,0
826,0,0,0,0
11403,0,0,0,0
274,0,0,0,0
3993,0,0,0,0
5809,0,0,0,0
14503,0,0,0,0
1053,0,0,0,0
15691,0,0,0,1
10089,0,0,0,0
17691,0,0,0,0
5524,0,0,0,0
9986,0,0,0,0
6180,0,1,0,0
14839,0,0,0,0
10454,0,0,0,0
9406,0,0,0,0
11245,0,0,0,0
304,0,0,0,1
3599,0,0,0,0
11392,0,1,1,0
16754,0,0,0,0
10462,0,0,0,1
2704,0,0,0,0
11624,0,0,0,0
8494,0,0,1,0
6595,0,0,0,0
2932,0,0,0,0
10498,0,0,0,0
511,0,0,0,1
4417,0,0,0,1
14306,0,0,1,0
13000,0,0,0,0
4751,0,0,0,0
10254,0,0,1,0
7020,0,0,0,0
18027,0,0,1,1
7177,0,0,0,0
5945,0,0,0,0
10950,0,0,0,0
9176,0,0,0,1
18247,0,0,0,0
5225,0,0,0,0
742,0,0,0,0
6186,0,0,1,0
8197,0,0,1,0
9457,0,0,0,0
12620,0,0,0,1
11334,0,0,0,0
14564,0,0,0,1
7811,0,0,0,0
12642,0,0,0,0
16720,0,0,0,0
15786,0,0,0,0
5843,0,0,0,0
601,0,0,0,0
3651,0,0,0,0
14890,0,0,0,1
2988,0,0,0,0
3964,0,0,1,0
381,0,0,0,0
12454,0,0,0,0
15417,0,0,0,0
3449,0,0,0,0
6746,0,0,0,0
12776,0,0,0,1
3485,0,0,1,0
5548,0,0,0,1
12501,0,0,0,0
14222,0,0,0,0
8109,0,0,0,0
4189,0,0,0,0
14342,0,0,0,0
17199,0,0,0,0
8939,0,0,0,0
13036,0,0,0,0
8600,0,0,0,0
13802,0,0,0,0
3999,0,0,1,0
1372,0,0,0,1
3265,0,0,0,0
439,0,0,0,0
6383,0,0,0,0
3169,0,0,0,0
11082,0,0,0,0
6013,0,0,0,0
3208,0,0,0,0
5058,1,0,0,0
3710,0,0,0,0
4269,0,0,0,0
8200,0,0,0,0
339,0,0,1,0
16354,0,0,0,0
9357,0,1,0,1
16746,0,0,0,1
8727,0,0,0,0
10067,0,0,0,1
6271,0,0,0,0
3501,0,0,0,0
7719,0,0,0,0
9815,0,0,0,0
11831,0,0,0,0
903,0,0,1,0
8875,0,0,0,0
2351,0,0,0,0
5146,0,0,0,0
4980,0,0,0,0
13515,0,0,0,0
12846,0,0,0,0
9483,0,0,0,0
8694,0,0,0,0
1593,0,0,0,1
366,0,0,0,1
16142,0,0,0,0
7152,0,0,0,0
2199,0,0,0,0
12547,0,0,0,0
5736,0,0,0,1
15671,0,0,0,0
17358,0,0,0,0
5268,0,0,1,0
9870,0,0,0,0
14710,0,0,0,0
11958,0,0,0,0
8237,0,0,0,1
1653,0,0,0,0
12830,0,0,0,0
11232,0,0,0,0
7717,0,0,0,1
14010,0,0,0,0
14917,0,0,0,0
14444,0,0,0,1
1206,0,0,0,0
10723,0,0,0,0
16740,0,0,0,0
7958,0,0,0,0
13995,0,0,0,1
1486,0,0,0,1
10766,0,0,0,0
17602,1,0,0,0
9934,0,0,1,0
85,0,0,0,0
167,0,0,0,0
17976,0,0,0,0
7775,0,0,0,0
12152,0,0,0,0
13181,0,0,0,1
10999,0,0,0,0
4738,0,0,0,0
17815,0,0,0,0
1418,1,0,0,0
5613,0,0,0,0
11321,0,0,0,0
3207,0,0,0,0
6872,0,0,0,0
46,0,0,0,0
18354,0,0,0,0
14123,0,0,0,0
8165,0,0,0,0
8010,0,0,0,0
11418,0,0,0,0
14283,0,0,1,0
2069,0,0,0,0
1522,0,0,0,0
9434,0,0,0,0
14185,0,0,0,0
6975,0,0,0,0
15361,0,0,0,0
1078,0,0,0,0
13185,0,0,0,0
2175,0,0,0,0
12072,0,0,0,0
624,0,0,0,0
8117,0,0,1,0
6758,0,0,0,0
9102,0,0,0,0
17595,0,0,0,0
9966,0,0,0,0
16733,0,0,0,0
17494,0,0,0,0
257,0,0,1,0
9622,0,0,0,0
147,0,0,0,0
3043,0,0,1,0
5742,0,0,0,0
13988,1,0,0,1
3950,0,0,0,0
425,0,0,0,0
5426,0,0,0,0
5026,0,0,0,0
13934,0,0,0,0
6962,0,0,0,0
13757,0,0,0,0
5363,0,0,0,0
10709,0,0,0,0
10702,0,0,0,0
6824,0,0,0,0
11917,0,0,0,0
10087,0,0,0,0
10470,0,0,0,0
12918,0,0,0,0
3887,0,0,1,1
5841,0,0,0,0
1739,0,0,0,0
5584,0,0,0,0
12672,0,0,1,1
13618,0,0,0,0
8948,0,1,1,0
1887,0,0,0,0
6408,0,0,0,0
5561,0,0,0,0
5980,0,0,0,1
10525,0,0,0,1
12247,0,0,1,0
5903,0,0,0,0
10017,0,0,0,0
11881,0,0,0,0
10349,0,0,0,0
18244,0,0,0,0
3353,0,0,0,0
15804,0,0,0,1
16417,0,0,1,0
1393,0,0,0,0
17331,0,0,0,0
14845,0,0,0,0
3035,0,0,0,0
7650,0,0,0,0
11735,0,0,0,1
2254,0,0,0,0
5038,0,0,0,1
16291,0,0,0,0
14260,0,0,0,0
911,0,0,0,0
17324,0,0,1,0
1714,0,0,0,0
7403,0,0,0,0
18199,0,0,0,0
3059,0,0,0,0
6306,0,0,0,0
12068,1,0,0,0
6020,0,0,0,1
12092,0,0,0,0
14031,0,0,0,0
16680,0,0,0,0
15320,0,0,0,0
11806,0,0,0,0
12381,0,0,0,0
13572,0,0,0,0
7578,0,0,0,0
18020,0,0,0,0
2006,0,0,0,0
1288,0,0,0,0
13553,0,0,0,0
7580,0,0,0,0
13473,0,0,0,0
13016,0,0,0,0
8955,0,0,0,0
1693,0,1,1,0
7809,0,0,1,0
10441,0,0,0,0
7666,0,0,0,0
3643,0,0,0,0
7142,0,0,1,0
14626,0,0,0,0
15210,0,0,0,0
12308,0,0,0,0
8784,0,0,0,0
2499,0,0,0,0
16860,0,0,0,0
218,0,0,0,0
5706,0,0,1,1
7911,0,0,0,0
10126,0,0,0,1
13322,0,0,0,0
7228,0,0,0,0
15148,0,0,0,0
2574,0,0,0,0
5683,0,0,0,0
13610,0,0,0,0
11306,0,0,0,0
5381,0,0,0,0
4828,0,0,0,0
2512,0,0,0,0
13353,0,0,0,0
5502,0,0,0,0
16351,0,0,0,0
2081,0,0,0,0
11050,0,0,0,0
1959,0,0,0,0
16120,0,0,0,0
16232,1,1,1,1
6656,0,0,0,1
8437,0,0,0,0
4333,0,1,0,0
6486,0,0,0,0
4093,0,0,0,0
10619,0,0,0,0
8847,0,0,0,0
5224,0,0,0,0
3461,0,0,0,0
5915,0,0,0,0
13818,0,0,0,0
9696,0,0,1,0
8373,0,0,0,0
2923,0,0,0,0
14955,0,0,0,0
1064,0,0,0,0
9025,0,0,0,0
11233,0,0,0,0
16079,0,0,0,0
9371,0,0,1,0
3282,0,0,0,1
2995,0,0,0,0
15356,0,0,0,0
13451,0,0,0,0
1771,0,0,0,1
9129,0,0,0,0
8037,0,0,0,0
16443,0,0,0,0
8827,0,0,0,1
3559,0,0,0,0
18217,0,0,0,0
3143,0,0,0,1
6237,0,0,0,0
5025,0,0,1,0
8883,0,0,0,0
3865,1,0,1,0
3978,0,0,0,0
3934,0,0,0,0
18193,0,0,0,0
8582,0,0,0,0
7063,0,0,0,0
2638,0,0,0,0
6926,0,0,0,0
1153,0,0,0,0
12461,0,0,0,0
2299,0,0,0,0
16802,0,0,0,0
14804,0,0,1,0
9072,0,0,0,0
5942,0,0,1,0
9992,0,0,0,0
6385,0,0,0,0
150,0,0,1,0
4128,0,0,0,0
1535,0,0,0,0
7900,0,0,0,0
12922,0,0,0,0
1277,0,0,0,0
14972,0,0,0,0
4254,0,0,0,0
2225,0,1,0,0
12440,0,0,0,0
5732,0,0,0,0
1683,0,0,0,0
10274,0,0,0,1
18140,0,0,0,1
16392,0,0,0,0
8136,0,0,0,1
4291,0,0,0,0
578,0,0,0,0
15092,0,0,0,0
6934,0,0,0,0
334,0,0,0,0
4081,0,0,0,1
2718,0,0,0,1
3974,0,0,0,0
8231,0,0,0,0
11550,0,0,0,0
8481,0,0,0,0
4929,0,0,0,0
13266,0,0,1,0
11972,0,0,0,0
6904,0,0,0,0
17799,0,0,0,0
676,0,0,0,0
1006,0,0,0,0
15239,0,0,0,0
14407,0,0,1,0
3608,0,0,0,0
4156,0,0,0,0
10630,0,0,0,0
9239,0,0,0,0
4502,0,0,0,1
9611,0,0,0,0
12603,0,0,0,0
18065,0,0,0,0
2885,0,0,0,0
9000,0,0,0,0
8746,0,0,0,0
5149,0,0,0,0
4548,0,0,1,0
7624,0,0,0,1
13122,0,0,1,0
13533,0,0,0,0
14709,0,0,0,0
3616,0,0,0,0
17092,1,1,1,1
2836,0,0,0,0
12630,0,0,0,0
3069,0,0,0,0
1443,0,0,0,0
953,0,0,0,0
12313,1,0,0,0
18067,0,0,0,0
7089,0,0,0,0
13229,0,0,0,0
9360,0,0,0,0
14275,0,0,0,0
14328,0,1,0,1
2467,0,0,0,0
3024,0,0,0,0
466,0,0,0,0
1962,0,0,0,0
533,0,0,0,0
13062,0,0,0,0
469,0,0,0,0
4852,0,0,0,0
13177,0,0,0,0
4219,0,0,0,0
5748,0,0,0,0
2045,0,0,0,1
13566,0,0,0,0
17775,0,0,0,0
10803,0,0,0,0
5863,0,0,0,0
14483,0,0,0,0
14741,0,0,0,0
638,0,0,0,1
7383,0,0,0,0
1266,0,0,0,1
6814,0,0,0,1
6669,0,0,0,1
11068,0,0,0,0
4046,0,0,0,0
12408,0,0,0,0
15131,0,1,0,1
10795,0,0,0,0
14223,0,0,0,0
1664,0,0,0,0
10666,1,0,1,1
3572,0,0,0,0
13276,0,0,0,0
14442,0,0,0,0
1247,0,0,0,0
411,1,0,0,0
13921,0,0,0,0
4767,0,0,1,1
1566,0,0,0,0
1354,0,0,0,0
5535,0,0,0,0
4170,0,0,0,0
10712,0,0,0,0
1530,0,0,0,0
13935,0,0,1,0
9240,0,0,1,0
8941,0,0,0,0
688,1,1,1,0
13656,0,0,0,0
11650,0,0,0,0
1544,0,0,1,0
10656,0,0,0,0
13951,0,0,1,1
8225,0,0,0,0
15370,0,0,0,1
12378,0,0,0,0
15720,0,0,1,0
13762,0,0,0,0
5802,0,0,0,0
8369,0,0,0,0
13497,0,0,0,0
15783,0,0,0,1
7685,0,0,0,0
6913,0,0,0,0
9367,0,0,0,1
2471,0,0,0,0
14033,0,0,0,1
5046,0,0,1,0
12396,0,0,0,0
1123,0,0,0,0
15794,0,0,0,0
13679,0,0,0,0
2277,0,0,0,0
5937,0,0,0,1
4510,0,0,0,0
15162,0,0,0,0
6608,0,0,1,0
3509,0,0,0,0
14672,0,0,0,0
6634,0,0,0,0
2380,0,0,0,1
6742,0,0,0,1
30,0,0,0,0
11603,0,0,1,1
6220,0,0,0,0
3821,0,0,0,0
10237,1,0,0,1
5620,0,0,0,0
5760,0,0,0,0
11963,0,0,0,1
14725,0,0,0,0
15144,0,0,0,0
13420,0,0,0,0
10292,0,0,0,0
5885,0,0,0,0
1489,0,0,0,0
3251,0,0,0,0
17192,0,0,0,0
7877,0,0,0,1
14797,0,0,0,0
18213,1,1,1,1
17290,0,0,0,0
6301,0,0,0,0
6803,0,0,0,0
5654,0,0,0,0
13298,0,0,1,1
16207,0,0,0,0
12459,0,0,1,1
11282,0,0,0,0
1795,0,0,0,0
15590,0,0,0,0
15077,0,0,0,0
16302,0,0,0,0
10654,0,0,0,1
5083,0,0,0,0
15739,0,0,1,0
168,0,0,0,0
7731,0,0,0,0
1336,0,0,0,1
4679,0,0,0,0
10051,0,0,1,0
12953,0,0,0,0
3656,0,0,0,0
7676,0,0,0,0
14717,0,0,0,0
12725,0,0,0,0
10328,0,0,0,0
5623,0,0,0,0
10705,0,0,0,0
5589,0,0,0,0
17427,0,0,0,0
157,0,0,0,1
188,0,0,0,0
2493,0,0,0,0
14941,0,0,0,0
15700,0,0,0,0
15845,0,0,0,0
17057,0,0,0,0
15253,0,0,1,1
11794,0,0,0,0
5339,0,0,0,0
5727,0,0,0,0
12503,0,0,0,0
3778,0,0,0,0
293,0,0,0,0
7821,0,0,0,0
18229,0,0,0,0
11226,0,0,0,0
2546,0,0,0,1
8614,0,0,1,0
4902,0,0,0,0
16047,0,0,0,0
3013,0,0,0,0
17044,0,0,0,0
12636,0,0,0,0
12864,0,0,0,0
12794,0,0,0,0
11025,0,0,0,0
7335,0,0,1,0
12802,0,0,0,0
3594,0,0,0,0
8284,0,1,1,1
11551,0,0,0,0
9051,0,0,0,0
1534,0,0,0,0
11681,0,0,0,0
10303,0,0,0,0
9639,0,0,0,0
13139,0,0,0,0
10883,0,0,0,0
10826,1,1,1,0
7149,0,0,0,0
11573,0,0,0,0
9234,0,0,0,0
15887,0,0,0,0
6473,0,0,0,0
12724,0,0,0,0
6753,0,0,0,1
984,0,0,0,0
13861,0,0,0,0
2359,0,1,0,0
673,0,0,0,0
6959,0,0,0,0
8394,0,0,1,0
8441,0,0,0,0
4338,0,0,1,0
4104,0,0,0,0
3184,0,0,0,0
2820,0,0,0,0
9684,0,0,0,0
9735,0,0,0,0
16679,0,0,1,0
2791,0,0,0,0
14441,0,0,0,0
16535,0,0,0,0
15032,0,0,0,0
18149,0,0,0,0
5513,0,0,0,0
1326,0,0,0,0
385,0,0,0,1
8642,0,0,0,0
10415,0,0,0,0
18013,0,0,0,0
7840,0,0,0,0
6455,0,0,0,0
15793,0,0,1,0
9819,0,0,0,0
10317,0,0,0,0
1650,0,0,0,0
10280,0,0,0,0
3780,1,1,1,0
13101,0,0,0,0
15465,0,0,0,0
14649,0,0,0,0
435,0,0,0,0
9827,0,0,0,0
12377,0,0,0,0
6762,0,0,0,0
8409,0,0,1,0
2445,1,0,1,0
10584,0,0,0,0
8815,0,0,0,1
2545,0,0,0,0
16961,0,0,0,0
2562,0,0,0,1
398,0,0,0,0
15747,0,0,0,0
1805,0,0,0,0
12735,0,0,0,0
11848,0,0,0,0
3910,0,0,0,0
17507,0,0,0,0
4762,0,0,0,0
6729,0,0,0,0
6438,0,0,0,0
1475,0,0,0,1
7563,0,0,1,1
12097,0,0,0,0
10125,0,0,0,0
3975,0,0,1,0
121,0,0,0,0
13817,0,0,0,0
12062,0,0,0,1
16350,0,0,0,0
9913,0,0,0,0
11369,0,0,0,0
9392,0,0,0,0
16868,0,0,0,0
3015,0,0,0,0
18324,0,1,0,0
14592,0,0,0,0
3781,0,0,0,1
12569,0,0,0,0
9068,0,0,0,0
9300,0,0,1,0
17160,0,0,0,0
12108,0,0,0,0
7348,0,0,0,0
280,0,0,0,0
16808,0,0,0,0
18192,0,0,0,1
17725,0,0,0,1
8544,0,0,0,0
15995,0,0,0,0
9647,0,0,1,0
16494,0,0,0,0
7588,0,0,0,0
1643,0,0,0,0
3314,0,0,1,1
7157,0,0,0,0
1889,0,0,0,0
1270,0,0,0,0
10694,1,1,1,0
10239,0,0,0,0
16710,0,0,0,0
15584,1,1,1,1
6667,0,0,0,0
17877,0,0,0,0
2996,0,0,0,0
7949,0,0,0,0
4201,0,0,0,0
10325,0,0,0,0
16550,0,0,0,0
13655,0,0,0,0
10645,0,0,0,0
3193,0,0,0,1
12670,0,0,0,0
18200,0,0,0,1
5001,0,0,0,0
10613,0,0,1,0
575,0,0,0,0
15543,0,0,0,0
1352,0,0,0,0
14834,0,0,0,0
12681,0,0,0,1
14344,0,0,0,1
10264,1,0,0,0
15377,0,0,0,0
17382,0,0,0,0
16708,0,0,0,0
7930,0,0,0,0
505,0,0,0,1
2857,0,0,0,1
5236,0,0,0,0
15528,0,0,0,0
11352,0,0,0,0
8466,0,0,0,0
11899,0,0,0,0
13972,0,0,1,0
2111,0,0,0,0
18271,0,0,1,0
10603,0,0,0,0
5547,0,0,0,0
15189,0,0,1,1
6863,0,0,0,0
4718,0,0,0,0
5537,0,0,0,0
9453,0,0,0,1
4351,0,0,0,0
12762,0,0,0,1
10138,0,0,0,0
16081,0,0,0,0
17787,0,0,0,0
16119,0,0,0,0
10944,0,0,0,0
6921,0,0,0,0
3579,0,0,0,0
12041,0,0,0,0
13243,0,0,0,0
6137,0,0,0,0
7983,0,0,0,0
8951,0,0,1,0
11839,0,0,1,0
4564,0,0,0,0
12872,0,1,0,0
5838,0,0,0,0
8698,0,0,0,0
9508,0,0,0,0
16436,0,0,0,0
8265,0,0,0,0
10005,0,0,1,0
2919,0,0,0,0
5541,0,0,0,0
5096,0,0,0,0
12073,0,0,0,0
5965,0,0,0,0
5135,0,0,0,0
16703,0,0,0,0
15107,0,0,0,0
3857,0,0,0,0
15348,0,0,0,0
9442,0,0,0,0
10199,0,0,0,0
7484,0,0,0,0
8692,0,0,0,0
3315,0,0,0,0
6517,0,0,0,1
14263,0,0,0,0
5280,0,0,0,0
15614,0,0,1,0
15942,0,0,0,0
4097,0,0,0,0
11199,0,0,0,0
2216,0,0,0,0
6178,0,0,0,0
7963,0,0,0,0
9952,0,0,0,0
3269,0,0,0,0
15856,0,0,0,0
1127,0,0,0,1
4040,0,0,0,0
4585,0,0,0,0
1799,0,0,0,0
3545,0,0,0,0
14077,0,1,1,0
13632,0,0,0,0
5865,0,0,0,0
9577,0,0,0,1
11854,0,0,0,0
15819,0,0,0,0
11340,0,0,1,0
2034,0,0,0,0
13830,0,0,0,0
11501,0,0,0,0
16918,0,0,0,0
13238,1,1,1,1
15249,0,0,0,1
13562,0,0,0,0
3441,0,0,0,0
4304,0,0,0,0
12379,0,0,0,0
15897,0,0,0,0
11782,0,0,0,0
12135,0,0,0,0
14898,0,0,0,0
17054,0,0,0,1
4168,0,0,0,0
16830,1,0,0,1
15923,0,0,0,0
7487,0,0,0,0
4783,0,0,0,1
9902,0,0,0,0
10722,0,0,0,0
10224,0,0,0,0
8965,0,0,0,1
3260,0,0,0,0
617,0,0,0,0
17767,0,0,0,0
12970,0,0,0,0
5412,0,0,0,0
16179,0,0,0,0
4816,1,1,1,0
8658,0,0,0,0
6740,0,0,0,1
4031,0,1,0,0
2840,0,0,0,0
14330,0,0,0,0
3341,0,0,0,0
12169,0,0,0,0
6632,0,0,0,0
1433,0,0,1,0
177,0,1,1,1
17267,0,0,0,0
10439,0,0,0,0
9840,0,0,0,0
5069,0,0,0,0
8059,0,0,0,0
15808,0,0,0,0
3023,0,0,0,0
9881,0,0,0,0
8085,0,0,0,0
15828,0,0,0,0
15935,0,0,0,0
1092,0,0,0,0
10156,0,0,1,0
15241,0,0,1,0
829,0,0,0,0
6290,0,0,0,0
5605,0,0,0,0
14946,0,0,1,0
8291,0,0,0,0
10943,0,0,0,1
35,0,0,0,0
473,0,0,0,0
11876,0,0,0,0
6867,0,0,0,0
14449,0,0,0,0
17105,0,0,0,1
13014,0,0,0,1
17509,0,0,0,0
5464,0,0,0,0
9526,0,0,1,0
8612,0,0,0,0
5168,0,0,0,0
11661,0,0,0,1
1327,0,0,0,0
3418,0,0,0,0
1729,0,0,0,0
15907,0,0,1,0
8304,0,0,0,0
11753,0,0,0,0
15672,0,0,0,0
16011,0,0,0,0
8487,0,0,0,0
1681,0,1,1,0
1452,0,0,0,0
4785,0,0,0,0
12056,0,0,0,0
2109,0,0,1,0
11165,0,0,0,0
17303,0,0,0,0
4488,0,0,0,1
1365,0,0,0,0
9412,0,0,0,0
17802,0,0,0,0
17668,0,0,0,0
16795,0,0,0,0
17351,0,0,0,0
5762,0,0,0,1
4740,0,0,0,0
13667,0,0,0,0
299,0,0,1,0
1107,0,0,0,1
10675,0,0,0,0
850,0,0,0,0
17893,0,0,0,1
13371,0,0,0,0
2246,0,0,0,0
5860,0,0,0,0
3031,0,0,0,0
18055,0,0,0,0
1608,0,0,0,0
14740,0,0,0,1
11659,0,0,1,0
16838,0,0,0,0
8798,0,0,0,0
8,0,0,0,0
9679,0,0,0,0
14195,0,0,0,0
4045,0,0,0,0
8994,0,0,0,0
11387,0,0,0,0
4789,0,0,0,0
16763,0,0,0,0
9725,0,0,0,0
9003,0,0,0,0
10648,0,0,0,0
10946,0,0,0,1
4459,0,0,0,0
18311,0,0,0,0
1005,0,0,0,0
9320,0,0,0,0
3097,0,0,0,0
16941,0,0,0,0
7639,0,0,0,0
10871,0,0,0,0
6817,0,0,0,0
18276,0,0,0,0
8583,0,0,0,0
17805,0,0,0,0
16186,0,0,0,0
18257,0,0,0,0
7049,0,0,0,1
750,0,0,0,0
1190,1,1,1,1
5207,0,0,0,0
6101,0,0,0,0
4140,0,0,0,0
5465,0,0,0,0
8093,0,0,0,0
8797,0,0,0,0
8048,0,0,0,0
12655,0,0,1,0
12888,0,0,0,1
13180,0,0,0,0
5380,0,0,1,0
8099,0,0,0,0
7802,0,0,0,0
15046,0,0,0,0
6685,0,0,0,0
817,0,0,0,0
4750,0,0,1,0
10955,0,0,0,0
10700,0,0,0,0
12255,0,0,0,1
17577,0,0,1,1
1310,0,0,0,0
7507,0,0,0,0
4401,0,1,1,0
11884,0,1,0,1
10373,0,0,0,0
6205,0,0,0,0
5504,0,0,0,0
9853,0,0,1,1
10104,0,0,0,0
4848,0,0,0,1
15025,0,0,1,0
6224,0,1,1,1
15734,0,0,0,0
18072,0,0,0,0
2478,0,0,0,0
5391,0,0,0,0
17064,0,0,0,0
5489,0,0,0,0
3595,0,0,0,0
11170,0,0,0,0
7516,0,0,0,0
15732,0,0,0,0
16610,0,0,0,1
2559,0,0,0,0
1808,0,0,0,1
6698,0,0,0,0
16790,0,0,0,0
17857,0,0,0,1
6151,0,0,0,1
9138,0,0,0,0
8238,0,0,0,0
263,0,0,1,0
9875,0,0,0,0
14417,0,0,0,0
16280,0,0,0,0
7270,0,0,0,0
12386,0,0,0,0
344,0,0,0,0
3601,0,0,0,0
